pid,status,clade,CD4,HLA,RC,sequence
17k,synthetic,B,NA,NA,NA,MGGKWSKRSVVGWPTVKERMRRAEPAADGVGAVSRDLEKHGAITSSNTAANNADCAWLEAQEEEEVGFPVRPQVPLRPMTYKGALDLSHFLKEKGGLEGLIYSQKRQDILDLWVYHTQGYFPDWQNYTPGPGIRYPLTFGWCFKLVPVEPEKVEEANEGENNSLLHPMSLHGMDDPEREVLVWKFDSRLAFHHMARELHPEYYKDC
19k,synthetic,B,NA,NA,NA,MGGKWSKRSVVGWPTVREKMRRAEPAADGVGAVSRDLEKHGAITSSNTAANNADCAWLEAQEEEEVGFPVRPQVPLRPMTYKGALDLSHFLKEKGGLEGLIYSQKRQDILDLWVYHTQGYFPDWQNYTPGPGIRYPLTFGWCFKLVPVEPEKVEEANEGENNSLLHPMSLHGMDDPEREVLVWKFDSRLAFHHMARELHPEYYKDC
17k_19k,synthetic,B,101.300000,94.400000,26.100000,MGGKWSKRSVVGWPTVKEKMRRAEPAADGVGAVSRDLEKHGAITSSNTAANNADCAWLEAQEEEEVGFPVRPQVPLRPMTYKGALDLSHFLKEKGGLEGLIYSQKRQDILDLWVYHTQGYFPDWQNYTPGPGIRYPLTFGWCFKLVPVEPEKVEEANEGENNSLLHPMSLHGMDDPEREVLVWKFDSRLAFHHMARELHPEYYKDC
57r,synthetic,B,51.100000,101.700000,0.800000,MGGKWSKRSVVGWPTVRERMRRAEPAADGVGAVSRDLEKHGAITSSNTAANNADCARLEAQEEEEVGFPVRPQVPLRPMTYKGALDLSHFLKEKGGLEGLIYSQKRQDILDLWVYHTQGYFPDWQNYTPGPGIRYPLTFGWCFKLVPVEPEKVEEANEGENNSLLHPMSLHGMDDPEREVLVWKFDSRLAFHHMARELHPEYYKDC
58p,synthetic,B,NA,NA,NA,MGGKWSKRSVVGWPTVRERMRRAEPAADGVGAVSRDLEKHGAITSSNTAANNADCAWPEAQEEEEVGFPVRPQVPLRPMTYKGALDLSHFLKEKGGLEGLIYSQKRQDILDLWVYHTQGYFPDWQNYTPGPGIRYPLTFGWCFKLVPVEPEKVEEANEGENNSLLHPMSLHGMDDPEREVLVWKFDSRLAFHHMARELHPEYYKDC
57r_58p,synthetic,B,22.000000,102.600000,0.100000,MGGKWSKRSVVGWPTVRERMRRAEPAADGVGAVSRDLEKHGAITSSNTAANNADCARPEAQEEEEVGFPVRPQVPLRPMTYKGALDLSHFLKEKGGLEGLIYSQKRQDILDLWVYHTQGYFPDWQNYTPGPGIRYPLTFGWCFKLVPVEPEKVEEANEGENNSLLHPMSLHGMDDPEREVLVWKFDSRLAFHHMARELHPEYYKDC
57g,synthetic,B,13.800000,100.300000,0.900000,MGGKWSKRSVVGWPTVRERMRRAEPAADGVGAVSRDLEKHGAITSSNTAANNADCAGLEAQEEEEVGFPVRPQVPLRPMTYKGALDLSHFLKEKGGLEGLIYSQKRQDILDLWVYHTQGYFPDWQNYTPGPGIRYPLTFGWCFKLVPVEPEKVEEANEGENNSLLHPMSLHGMDDPEREVLVWKFDSRLAFHHMARELHPEYYKDC
72l,synthetic,B,NA,NA,NA,MGGKWSKRSVVGWPTVRERMRRAEPAADGVGAVSRDLEKHGAITSSNTAANNADCAWLEAQEEEEVGFPVRLQVPLRPMTYKGALDLSHFLKEKGGLEGLIYSQKRQDILDLWVYHTQGYFPDWQNYTPGPGIRYPLTFGWCFKLVPVEPEKVEEANEGENNSLLHPMSLHGMDDPEREVLVWKFDSRLAFHHMARELHPEYYKDC
75l,synthetic,B,NA,NA,NA,MGGKWSKRSVVGWPTVRERMRRAEPAADGVGAVSRDLEKHGAITSSNTAANNADCAWLEAQEEEEVGFPVRPQVLLRPMTYKGALDLSHFLKEKGGLEGLIYSQKRQDILDLWVYHTQGYFPDWQNYTPGPGIRYPLTFGWCFKLVPVEPEKVEEANEGENNSLLHPMSLHGMDDPEREVLVWKFDSRLAFHHMARELHPEYYKDC
72l_75l,synthetic,B,65.300000,54.000000,7.500000,MGGKWSKRSVVGWPTVRERMRRAEPAADGVGAVSRDLEKHGAITSSNTAANNADCAWLEAQEEEEVGFPVRLQVLLRPMTYKGALDLSHFLKEKGGLEGLIYSQKRQDILDLWVYHTQGYFPDWQNYTPGPGIRYPLTFGWCFKLVPVEPEKVEEANEGENNSLLHPMSLHGMDDPEREVLVWKFDSRLAFHHMARELHPEYYKDC
123g,synthetic,B,28.700000,32.000000,6.400000,MGGKWSKRSVVGWPTVRERMRRAEPAADGVGAVSRDLEKHGAITSSNTAANNADCAWLEAQEEEEVGFPVRPQVPLRPMTYKGALDLSHFLKEKGGLEGLIYSQKRQDILDLWVYHTQGYFPGWQNYTPGPGIRYPLTFGWCFKLVPVEPEKVEEANEGENNSLLHPMSLHGMDDPEREVLVWKFDSRLAFHHMARELHPEYYKDC
28e,synthetic,B,99.100000,97.700000,85.100000,MGGKWSKRSVVGWPTVRERMRRAEPAAEGVGAVSRDLEKHGAITSSNTAANNADCAWLEAQEEEEVGFPVRPQVPLRPMTYKGALDLSHFLKEKGGLEGLIYSQKRQDILDLWVYHTQGYFPDWQNYTPGPGIRYPLTFGWCFKLVPVEPEKVEEANEGENNSLLHPMSLHGMDDPEREVLVWKFDSRLAFHHMARELHPEYYKDC
102h,synthetic,B,97.000000,88.700000,46.600000,MGGKWSKRSVVGWPTVRERMRRAEPAADGVGAVSRDLEKHGAITSSNTAANNADCAWLEAQEEEEVGFPVRPQVPLRPMTYKGALDLSHFLKEKGGLEGLIHSQKRQDILDLWVYHTQGYFPDWQNYTPGPGIRYPLTFGWCFKLVPVEPEKVEEANEGENNSLLHPMSLHGMDDPEREVLVWKFDSRLAFHHMARELHPEYYKDC
28e_102h,synthetic,B,NA,NA,139.400000,MGGKWSKRSVVGWPTVRERMRRAEPAAEGVGAVSRDLEKHGAITSSNTAANNADCAWLEAQEEEEVGFPVRPQVPLRPMTYKGALDLSHFLKEKGGLEGLIHSQKRQDILDLWVYHTQGYFPDWQNYTPGPGIRYPLTFGWCFKLVPVEPEKVEEANEGENNSLLHPMSLHGMDDPEREVLVWKFDSRLAFHHMARELHPEYYKDC
102w,synthetic,B,100.800000,80.400000,75.400000,MGGKWSKRSVVGWPTVRERMRRAEPAADGVGAVSRDLEKHGAITSSNTAANNADCAWLEAQEEEEVGFPVRPQVPLRPMTYKGALDLSHFLKEKGGLEGLIWSQKRQDILDLWVYHTQGYFPDWQNYTPGPGIRYPLTFGWCFKLVPVEPEKVEEANEGENNSLLHPMSLHGMDDPEREVLVWKFDSRLAFHHMARELHPEYYKDC
28e_102w,synthetic,B,100.200000,98.600000,82.900000,MGGKWSKRSVVGWPTVRERMRRAEPAAEGVGAVSRDLEKHGAITSSNTAANNADCAWLEAQEEEEVGFPVRPQVPLRPMTYKGALDLSHFLKEKGGLEGLIWSQKRQDILDLWVYHTQGYFPDWQNYTPGPGIRYPLTFGWCFKLVPVEPEKVEEANEGENNSLLHPMSLHGMDDPEREVLVWKFDSRLAFHHMARELHPEYYKDC
133t,synthetic,B,99.400000,90.700000,59.900000,MGGKWSKRSVVGWPTVRERMRRAEPAADGVGAVSRDLEKHGAITSSNTAANNADCAWLEAQEEEEVGFPVRPQVPLRPMTYKGALDLSHFLKEKGGLEGLIYSQKRQDILDLWVYHTQGYFPDWQNYTPGPGTRYPLTFGWCFKLVPVEPEKVEEANEGENNSLLHPMSLHGMDDPEREVLVWKFDSRLAFHHMARELHPEYYKDC
135f,synthetic,B,100.300000,97.400000,114.300000,MGGKWSKRSVVGWPTVRERMRRAEPAADGVGAVSRDLEKHGAITSSNTAANNADCAWLEAQEEEEVGFPVRPQVPLRPMTYKGALDLSHFLKEKGGLEGLIYSQKRQDILDLWVYHTQGYFPDWQNYTPGPGIRFPLTFGWCFKLVPVEPEKVEEANEGENNSLLHPMSLHGMDDPEREVLVWKFDSRLAFHHMARELHPEYYKDC
133t_135f,synthetic,B,100.300000,96.700000,146.300000,MGGKWSKRSVVGWPTVRERMRRAEPAADGVGAVSRDLEKHGAITSSNTAANNADCAWLEAQEEEEVGFPVRPQVPLRPMTYKGALDLSHFLKEKGGLEGLIYSQKRQDILDLWVYHTQGYFPDWQNYTPGPGTRFPLTFGWCFKLVPVEPEKVEEANEGENNSLLHPMSLHGMDDPEREVLVWKFDSRLAFHHMARELHPEYYKDC
188h,synthetic,B,98.900000,97.000000,68.900000,MGGKWSKRSVVGWPTVRERMRRAEPAADGVGAVSRDLEKHGAITSSNTAANNADCAWLEAQEEEEVGFPVRPQVPLRPMTYKGALDLSHFLKEKGGLEGLIYSQKRQDILDLWVYHTQGYFPDWQNYTPGPGIRYPLTFGWCFKLVPVEPEKVEEANEGENNSLLHPMSLHGMDDPEREVLVWKFDSHLAFHHMARELHPEYYKDC
192r,synthetic,B,100.800000,98.500000,NA,MGGKWSKRSVVGWPTVRERMRRAEPAADGVGAVSRDLEKHGAITSSNTAANNADCAWLEAQEEEEVGFPVRPQVPLRPMTYKGALDLSHFLKEKGGLEGLIYSQKRQDILDLWVYHTQGYFPDWQNYTPGPGIRYPLTFGWCFKLVPVEPEKVEEANEGENNSLLHPMSLHGMDDPEREVLVWKFDSRLAFRHMARELHPEYYKDC
188h_192r,synthetic,B,99.500000,96.800000,56.000000,MGGKWSKRSVVGWPTVRERMRRAEPAADGVGAVSRDLEKHGAITSSNTAANNADCAWLEAQEEEEVGFPVRPQVPLRPMTYKGALDLSHFLKEKGGLEGLIYSQKRQDILDLWVYHTQGYFPDWQNYTPGPGIRYPLTFGWCFKLVPVEPEKVEEANEGENNSLLHPMSLHGMDDPEREVLVWKFDSHLAFRHMARELHPEYYKDC
33a,synthetic,B,100.200000,100.500000,129.300000,MGGKWSKRSVVGWPTVRERMRRAEPAADGVGAASRDLEKHGAITSSNTAANNADCAWLEAQEEEEVGFPVRPQVPLRPMTYKGALDLSHFLKEKGGLEGLIYSQKRQDILDLWVYHTQGYFPDWQNYTPGPGIRYPLTFGWCFKLVPVEPEKVEEANEGENNSLLHPMSLHGMDDPEREVLVWKFDSRLAFHHMARELHPEYYKDC
43l,synthetic,B,97.200000,103.800000,69.400000,MGGKWSKRSVVGWPTVRERMRRAEPAADGVGAVSRDLEKHGALTSSNTAANNADCAWLEAQEEEEVGFPVRPQVPLRPMTYKGALDLSHFLKEKGGLEGLIYSQKRQDILDLWVYHTQGYFPDWQNYTPGPGIRYPLTFGWCFKLVPVEPEKVEEANEGENNSLLHPMSLHGMDDPEREVLVWKFDSRLAFHHMARELHPEYYKDC
33a_43l,synthetic,B,98.000000,98.200000,88.100000,MGGKWSKRSVVGWPTVRERMRRAEPAADGVGAASRDLEKHGALTSSNTAANNADCAWLEAQEEEEVGFPVRPQVPLRPMTYKGALDLSHFLKEKGGLEGLIYSQKRQDILDLWVYHTQGYFPDWQNYTPGPGIRYPLTFGWCFKLVPVEPEKVEEANEGENNSLLHPMSLHGMDDPEREVLVWKFDSRLAFHHMARELHPEYYKDC
43v,synthetic,B,NA,NA,NA,MGGKWSKRSVVGWPTVRERMRRAEPAADGVGAVSRDLEKHGAVTSSNTAANNADCAWLEAQEEEEVGFPVRPQVPLRPMTYKGALDLSHFLKEKGGLEGLIYSQKRQDILDLWVYHTQGYFPDWQNYTPGPGIRYPLTFGWCFKLVPVEPEKVEEANEGENNSLLHPMSLHGMDDPEREVLVWKFDSRLAFHHMARELHPEYYKDC
143y,synthetic,B,97.800000,99.000000,94.100000,MGGKWSKRSVVGWPTVRERMRRAEPAADGVGAVSRDLEKHGAITSSNTAANNADCAWLEAQEEEEVGFPVRPQVPLRPMTYKGALDLSHFLKEKGGLEGLIYSQKRQDILDLWVYHTQGYFPDWQNYTPGPGIRYPLTFGWCYKLVPVEPEKVEEANEGENNSLLHPMSLHGMDDPEREVLVWKFDSRLAFHHMARELHPEYYKDC
135f_143y,synthetic,B,97.300000,96.100000,103.400000,MGGKWSKRSVVGWPTVRERMRRAEPAADGVGAVSRDLEKHGAITSSNTAANNADCAWLEAQEEEEVGFPVRPQVPLRPMTYKGALDLSHFLKEKGGLEGLIYSQKRQDILDLWVYHTQGYFPDWQNYTPGPGIRFPLTFGWCYKLVPVEPEKVEEANEGENNSLLHPMSLHGMDDPEREVLVWKFDSRLAFHHMARELHPEYYKDC
71k,synthetic,B,100.200000,97.200000,85.400000,MGGKWSKRSVVGWPTVRERMRRAEPAADGVGAVSRDLEKHGAITSSNTAANNADCAWLEAQEEEEVGFPVKPQVPLRPMTYKGALDLSHFLKEKGGLEGLIYSQKRQDILDLWVYHTQGYFPDWQNYTPGPGIRYPLTFGWCFKLVPVEPEKVEEANEGENNSLLHPMSLHGMDDPEREVLVWKFDSRLAFHHMARELHPEYYKDC
76v,synthetic,B,100.600000,93.100000,84.300000,MGGKWSKRSVVGWPTVRERMRRAEPAADGVGAVSRDLEKHGAITSSNTAANNADCAWLEAQEEEEVGFPVRPQVPVRPMTYKGALDLSHFLKEKGGLEGLIYSQKRQDILDLWVYHTQGYFPDWQNYTPGPGIRYPLTFGWCFKLVPVEPEKVEEANEGENNSLLHPMSLHGMDDPEREVLVWKFDSRLAFHHMARELHPEYYKDC
71k_76v,synthetic,B,102.600000,93.700000,106.500000,MGGKWSKRSVVGWPTVRERMRRAEPAADGVGAVSRDLEKHGAITSSNTAANNADCAWLEAQEEEEVGFPVKPQVPVRPMTYKGALDLSHFLKEKGGLEGLIYSQKRQDILDLWVYHTQGYFPDWQNYTPGPGIRYPLTFGWCFKLVPVEPEKVEEANEGENNSLLHPMSLHGMDDPEREVLVWKFDSRLAFHHMARELHPEYYKDC
71t,synthetic,B,NA,NA,NA,MGGKWSKRSVVGWPTVRERMRRAEPAADGVGAVSRDLEKHGAITSSNTAANNADCAWLEAQEEEEVGFPVTPQVPLRPMTYKGALDLSHFLKEKGGLEGLIYSQKRQDILDLWVYHTQGYFPDWQNYTPGPGIRYPLTFGWCFKLVPVEPEKVEEANEGENNSLLHPMSLHGMDDPEREVLVWKFDSRLAFHHMARELHPEYYKDC
71t_76v,synthetic,B,NA,NA,NA,MGGKWSKRSVVGWPTVRERMRRAEPAADGVGAVSRDLEKHGAITSSNTAANNADCAWLEAQEEEEVGFPVTPQVPVRPMTYKGALDLSHFLKEKGGLEGLIYSQKRQDILDLWVYHTQGYFPDWQNYTPGPGIRYPLTFGWCFKLVPVEPEKVEEANEGENNSLLHPMSLHGMDDPEREVLVWKFDSRLAFHHMARELHPEYYKDC
80d,synthetic,B,90.000000,96.600000,18.600000,MGGKWSKRSVVGWPTVRERMRRAEPAADGVGAVSRDLEKHGAITSSNTAANNADCAWLEAQEEEEVGFPVRPQVPLRPMDYKGALDLSHFLKEKGGLEGLIYSQKRQDILDLWVYHTQGYFPDWQNYTPGPGIRYPLTFGWCFKLVPVEPEKVEEANEGENNSLLHPMSLHGMDDPEREVLVWKFDSRLAFHHMARELHPEYYKDC
80n,synthetic,B,96.500000,100.600000,83.200000,MGGKWSKRSVVGWPTVRERMRRAEPAADGVGAVSRDLEKHGAITSSNTAANNADCAWLEAQEEEEVGFPVRPQVPLRPMNYKGALDLSHFLKEKGGLEGLIYSQKRQDILDLWVYHTQGYFPDWQNYTPGPGIRYPLTFGWCFKLVPVEPEKVEEANEGENNSLLHPMSLHGMDDPEREVLVWKFDSRLAFHHMARELHPEYYKDC
76v_80n,synthetic,B,96.600000,86.800000,53.100000,MGGKWSKRSVVGWPTVRERMRRAEPAADGVGAVSRDLEKHGAITSSNTAANNADCAWLEAQEEEEVGFPVRPQVPVRPMNYKGALDLSHFLKEKGGLEGLIYSQKRQDILDLWVYHTQGYFPDWQNYTPGPGIRYPLTFGWCFKLVPVEPEKVEEANEGENNSLLHPMSLHGMDDPEREVLVWKFDSRLAFHHMARELHPEYYKDC
88g,synthetic,B,99.700000,94.100000,87.000000,MGGKWSKRSVVGWPTVRERMRRAEPAADGVGAVSRDLEKHGAITSSNTAANNADCAWLEAQEEEEVGFPVRPQVPLRPMTYKGALDLGHFLKEKGGLEGLIYSQKRQDILDLWVYHTQGYFPDWQNYTPGPGIRYPLTFGWCFKLVPVEPEKVEEANEGENNSLLHPMSLHGMDDPEREVLVWKFDSRLAFHHMARELHPEYYKDC
43l_88g,synthetic,B,94.700000,96.400000,91.600000,MGGKWSKRSVVGWPTVRERMRRAEPAADGVGAVSRDLEKHGALTSSNTAANNADCAWLEAQEEEEVGFPVRPQVPLRPMTYKGALDLGHFLKEKGGLEGLIYSQKRQDILDLWVYHTQGYFPDWQNYTPGPGIRYPLTFGWCFKLVPVEPEKVEEANEGENNSLLHPMSLHGMDDPEREVLVWKFDSRLAFHHMARELHPEYYKDC
21k,synthetic,B,101.400000,96.100000,51.500000,MGGKWSKRSVVGWPTVRERMKRAEPAADGVGAVSRDLEKHGAITSSNTAANNADCAWLEAQEEEEVGFPVRPQVPLRPMTYKGALDLSHFLKEKGGLEGLIYSQKRQDILDLWVYHTQGYFPDWQNYTPGPGIRYPLTFGWCFKLVPVEPEKVEEANEGENNSLLHPMSLHGMDDPEREVLVWKFDSRLAFHHMARELHPEYYKDC
21e,synthetic,B,101.700000,97.700000,146.400000,MGGKWSKRSVVGWPTVRERMERAEPAADGVGAVSRDLEKHGAITSSNTAANNADCAWLEAQEEEEVGFPVRPQVPLRPMTYKGALDLSHFLKEKGGLEGLIYSQKRQDILDLWVYHTQGYFPDWQNYTPGPGIRYPLTFGWCFKLVPVEPEKVEEANEGENNSLLHPMSLHGMDDPEREVLVWKFDSRLAFHHMARELHPEYYKDC
